relative_path,classID
\Sounds\Farm Animals\Goat\Goat 1.wav,0
\Sounds\Farm Animals\Goat\Goat 2.wav,0
\Sounds\Farm Animals\Goat\Goat 3.wav,0
\Sounds\Farm Animals\Goat\Goat 4.wav,0
\Sounds\Farm Animals\Goat\Goat 5.wav,0
\Sounds\Farm Animals\Goat\Goat 6.wav,0
\Sounds\Farm Animals\Goat\Goat 7.wav,0
\Sounds\Farm Animals\Goat\Goat 8.wav,0
\Sounds\Farm Animals\Goat\Goat 9.wav,0
\Sounds\Farm Animals\Goat\Goat 10.wav,0
\Sounds\Farm Animals\Goat\Goat 11.wav,0
\Sounds\Farm Animals\Goat\Goat 12.wav,0
\Sounds\Farm Animals\Goat\Goat 13.wav,0
\Sounds\Farm Animals\Goat\Goat 14.wav,0
\Sounds\Farm Animals\Goat\Goat 15.wav,0
\Sounds\Farm Animals\Goat\Goat 16.wav,0
\Sounds\Farm Animals\Goat\Goat 17.wav,0
\Sounds\Farm Animals\Goat\Goat 18.wav,0
\Sounds\Farm Animals\Goat\Goat 19.wav,0
\Sounds\Farm Animals\Goat\Goat 20.wav,0
\Sounds\Farm Animals\Sheep\Sheep 1.wav,1
\Sounds\Farm Animals\Sheep\Sheep 2.wav,1
\Sounds\Farm Animals\Sheep\Sheep 3.wav,1
\Sounds\Farm Animals\Sheep\Sheep 4.wav,1
\Sounds\Farm Animals\Sheep\Sheep 5.wav,1
\Sounds\Farm Animals\Sheep\Sheep 6.wav,1
\Sounds\Farm Animals\Sheep\Sheep 7.wav,1
\Sounds\Farm Animals\Sheep\Sheep 8.wav,1
\Sounds\Farm Animals\Sheep\Sheep 9.wav,1
\Sounds\Farm Animals\Sheep\Sheep 10.wav,1
\Sounds\Farm Animals\Sheep\Sheep 11.wav,1
\Sounds\Farm Animals\Sheep\Sheep 12.wav,1
\Sounds\Farm Animals\Sheep\Sheep 13.wav,1
\Sounds\Farm Animals\Sheep\Sheep 14.wav,1
\Sounds\Farm Animals\Sheep\Sheep 15.wav,1
\Sounds\Farm Animals\Sheep\Sheep 16.wav,1
\Sounds\Farm Animals\Sheep\Sheep 17.wav,1
\Sounds\Farm Animals\Sheep\Sheep 18.wav,1
\Sounds\Farm Animals\Sheep\Sheep 19.wav,1
\Sounds\Farm Animals\Sheep\Sheep 20.wav,1
\Sounds\Farm Animals\Sheep\Sheep 21.wav,1
\Sounds\Farm Animals\Sheep\Sheep 22.wav,1
\Sounds\Farm Animals\Sheep\Sheep 23.wav,1
\Sounds\Farm Animals\Sheep\Sheep 24.wav,1
\Sounds\Farm Animals\Sheep\Sheep 25.wav,1
\Sounds\Farm Animals\Sheep\Sheep 26.wav,1
\Sounds\Household Pets\Cat\Cat 1.wav,2
\Sounds\Household Pets\Cat\Cat 2.wav,2
\Sounds\Household Pets\Cat\Cat 3.wav,2
\Sounds\Household Pets\Cat\Cat 4.wav,2
\Sounds\Household Pets\Cat\Cat 5.wav,2
\Sounds\Household Pets\Cat\Cat 6.wav,2
\Sounds\Household Pets\Cat\Cat 7.wav,2
\Sounds\Household Pets\Cat\Cat 8.wav,2
\Sounds\Household Pets\Cat\Cat 9.wav,2
\Sounds\Household Pets\Cat\Cat 10.wav,2
\Sounds\Household Pets\Cat\Cat 11.wav,2
\Sounds\Household Pets\Cat\Cat 12.wav,2
\Sounds\Household Pets\Dog\Dog 1.wav,3
\Sounds\Household Pets\Dog\Dog 2.wav,3
\Sounds\Household Pets\Dog\Dog 3.wav,3
\Sounds\Household Pets\Dog\Dog 4.wav,3
\Sounds\Household Pets\Dog\Dog 5.wav,3
\Sounds\Household Pets\Dog\Dog 6.wav,3
\Sounds\Household Pets\Dog\Dog 7.wav,3
\Sounds\Household Pets\Dog\Dog 8.wav,3
\Sounds\Household Pets\Dog\Dog 9.wav,3
\Sounds\Household Pets\Dog\Dog 10.wav,3
\Sounds\Household Pets\Dog\Dog 11.wav,3
\Sounds\Household Pets\Dog\Dog 12.wav,3
\Sounds\Household Pets\Dog\Dog 13.wav,3
\Sounds\Household Pets\Dog\Dog 14.wav,3
\Sounds\Household Pets\Dog\Dog 15.wav,3
\Sounds\Household Pets\Dog\Dog 16.wav,3
\Sounds\Household Pets\Dog\Dog 17.wav,3
\Sounds\Household Pets\Dog\Dog 18.wav,3
\Sounds\Household Pets\Dog\Dog 19.wav,3
\Sounds\Household Pets\Dog\Dog 20.wav,3
\Sounds\Household Pets\Dog\Dog 21.wav,3
\Sounds\Household Pets\Dog\Dog 22.wav,3
\Sounds\Household Pets\Dog\Dog 23.wav,3
\Sounds\Household Pets\Dog\Dog 24.wav,3
\Sounds\Wild Animals\Big Cats\Big cat 1.wav,4
\Sounds\Wild Animals\Big Cats\Big cat 2.wav,4
\Sounds\Wild Animals\Big Cats\Big cat 3.wav,4
\Sounds\Wild Animals\Big Cats\Big cat 4.wav,4
\Sounds\Wild Animals\Big Cats\Big cat 5.wav,4
\Sounds\Wild Animals\Big Cats\Big cat 6.wav,4
\Sounds\Wild Animals\Big Cats\Big cat 7.wav,4
\Sounds\Wild Animals\Big Cats\Big cat 8.wav,4
\Sounds\Wild Animals\Big Cats\Big cat 9.wav,4
\Sounds\Wild Animals\Big Cats\Big cat 10.wav,4
\Sounds\Wild Animals\Big Cats\Big cat 11.wav,4
\Sounds\Wild Animals\Big Cats\Big cat 12.wav,4
\Sounds\Wild Animals\Big Cats\Big cat 13.wav,4
\Sounds\Wild Animals\Big Cats\Big cat 14.wav,4
\Sounds\Wild Animals\Big Cats\Big cat 15.wav,4
\Sounds\Wild Animals\Big Cats\Big cat 16.wav,4
\Sounds\Wild Animals\Big Cats\Big cat 17.wav,4
\Sounds\Wild Animals\Big Cats\Big cat 18.wav,4
\Sounds\Wild Animals\Big Cats\Big cat 19.wav,4
\Sounds\Wild Animals\Big Cats\Big cat 20.wav,4
\Sounds\Wild Animals\Big Cats\Big cat 21.wav,4
\Sounds\Wild Animals\Big Cats\Big cat 22.wav,4
\Sounds\Wild Animals\Big Cats\Big cat 23.wav,4
\Sounds\Wild Animals\Big Cats\Big cat 24.wav,4
\Sounds\Wild Animals\Big Cats\Big cat 25.wav,4
\Sounds\Wild Animals\Big Cats\Big cat 26.wav,4
\Sounds\Wild Animals\Big Cats\Big cat 27.wav,4
\Sounds\Wild Animals\Big Cats\Big cat 28.wav,4
\Sounds\Wild Animals\Wild Dog\Wild dog 1.wav,5
\Sounds\Wild Animals\Wild Dog\Wild dog 2.wav,5
\Sounds\Wild Animals\Wild Dog\Wild dog 3.wav,5
\Sounds\Wild Animals\Wild Dog\Wild dog 4.wav,5
\Sounds\Wild Animals\Wild Dog\Wild dog 5.wav,5
\Sounds\Wild Animals\Wild Dog\Wild dog 6.wav,5
\Sounds\Wild Animals\Wild Dog\Wild dog 7.wav,5
\Sounds\Wild Animals\Wild Dog\Wild dog 8.wav,5
\Sounds\Wild Animals\Wild Dog\Wild dog 9.wav,5
\Sounds\Wild Animals\Wild Dog\Wild dog 10.wav,5
\Sounds\Wild Animals\Wild Dog\Wild dog 11.wav,5
\Sounds\Wild Animals\Wild Dog\Wild dog 12.wav,5
\Sounds\Wild Animals\Wild Dog\Wild dog 13.wav,5
\Sounds\Wild Animals\Wild Dog\Wild dog 14.wav,5
\Sounds\Wild Animals\Wild Dog\Wild dog 15.wav,5
\Sounds\Wild Animals\Wild Dog\Wild dog 16.wav,5
\Sounds\Wild Animals\Wild Dog\Wild dog 17.wav,5
\Sounds\Wild Animals\Wild Dog\Wild dog 18.wav,5
\Sounds\Wild Animals\Wild Dog\Wild dog 19.wav,5
\Sounds\Wild Animals\Wild Dog\Wild dog 20.wav,5
\Sounds\Wild Animals\Wild Dog\Wild dog 21.wav,5
\Sounds\Wild Animals\Wild Dog\Wild dog 22.wav,5
\Sounds\Wild Animals\Wild Dog\Wild dog 23.wav,5
\Sounds\Wild Animals\Wild Dog\Wild dog 24.wav,5
\Sounds\Wild Animals\Wild Dog\Wild dog 25.wav,5
\Sounds\Wild Animals\Wild Dog\Wild dog 26.wav,5
\Sounds\Wild Animals\Wild Dog\Wild dog 27.wav,5
\Sounds\Wild Animals\Wild Dog\Wild dog 28.wav,5
\Sounds\Wild Animals\Wild Dog\Wild dog 29.wav,5
\Sounds\Wild Animals\Wild Dog\Wild dog 30.wav,5
\Sounds\Wild Animals\Wild Dog\Wild dog 31.wav,5
\Sounds\Wild Animals\Wild Dog\Wild dog 32.wav,5
\Sounds\Wild Animals\Wild Dog\Wild dog 33.wav,5
\Sounds\Wild Animals\Wild Dog\Wild dog 34.wav,5
\Sounds\Wild Animals\Wild Dog\Wild dog 35.wav,5
\Sounds\Wild Animals\Wild Dog\Wild dog 36.wav,5
\Sounds\Wild Animals\Wild Dog\Wild dog 37.wav,5
\Sounds\Wild Animals\Wild Dog\Wild dog 38.wav,5
\Sounds\Wild Animals\Wild Dog\Wild dog 37.wav,5
\Sounds\Wild Animals\Wild Dog\Wild dog 38.wav,5
\Sounds\Wild Animals\Wild Dog\Wild dog 39.wav,5
\Sounds\Wild Animals\Wild Dog\Wild dog 40.wav,5
\Sounds\Wild Animals\Wild Dog\Wild dog 41.wav,5
